{
	"class_name" : "PinholeCameraParameters",
	"extrinsic" : 
	[
		0.99595327797932964,
		-0.0041425453365523477,
		0.089776987030991975,
		0.0,
		0.00044093345988031093,
		-0.99869987392235626,
		-0.050974183712483544,
		0.0,
		0.089871428496003394,
		0.050807491038277745,
		-0.99465658656366585,
		0.0,
		0.17678064751520139,
		-5.0993510503831185,
		224.57526303075861,
		1.0
	],
	"intrinsic" : 
	{
		"height" : 837,
		"intrinsic_matrix" : 
		[
			724.86326296757522,
			0.0,
			0.0,
			0.0,
			724.86326296757522,
			0.0,
			719.5,
			418.0,
			1.0
		],
		"width" : 1440
	},
	"version_major" : 1,
	"version_minor" : 0
}